<?xml version="1.0" encoding="UTF-8"?>
<project-private xmlns="http://www.netbeans.org/ns/project-private/1">
    <editor-bookmarks xmlns="http://www.netbeans.org/ns/editor-bookmarks/2" lastBookmarkId="0"/>
    <open-files xmlns="http://www.netbeans.org/ns/projectui-open-files/2">
        <group>
            <file>file:/D:/Escritorio/Primer%20Semestre%202022/IPC%201/Laboratorio/Práctica%201/IPC1_Practica1_%23201708550/src/ipc1_practica1_/pkg201708550/IPC1_Practica1_201708550.java</file>
            <file>file:/D:/Escritorio/Primer%20Semestre%202022/IPC%201/Laboratorio/Práctica%201/IPC1_Practica1_%23201708550/src/ipc1_practica1_/pkg201708550/Tablero.java</file>
        </group>
    </open-files>
</project-private>
